R,10,Sun,6.963
R,199,Mercury,2440
R,299,Venus,6051.8
R,301,Moon,1737.53
R,399,Earth,6371.01
R,401,Phobos,13.1
R,402,Deimos,7.8
R,499,Mars,3389.9
R,501,Io,1821.3
R,502,Europa,1565
R,503,Ganymede,2634
R,504,Callisto,2403
R,505,Amalthea,131
R,506,Himalia,85
R,507,Elara,40
R,508,Pasiphae,18
R,509,Sinope,14
R,510,Lysithea,12
R,511,Carme,15
R,512,Ananke,10
R,513,Leda,5
R,514,Thebe,50
R,515,Adrastea,10
R,516,Metis,20
R,518,Themisto,4
R,519,Megaclite,2.7
R,520,Taygete,2.5
R,521,Chaldene,1.9
R,522,Harpalyke,2
R,523,Kalyke,2.6
R,524,Iocaste,2.6
R,525,Erinome,1.6
R,599,Jupiter,69911
R,601,Mimas,198.8
R,602,Enceladus,252.3
R,603,Tethys,536.3
R,604,Dione,562.5
R,605,Rhea,764.5
R,606,Titan,2575.5
R,607,Hyperion,133
R,608,Iapetus,734.5
R,609,Phoebe,106.6
R,610,Janus,97
R,611,Epimetheus,69
R,612,Helene,16
R,613,Telesto,15
R,614,Calypso,15
R,615,Atlas,18.5
R,616,Prometheus,74
R,617,Pandora,55
R,618,Pan,10
R,653,Aegaeon,0.8
R,699,Saturn,58232
R,701,Ariel,581.1
R,702,Umbriel,584.7
R,703,Titania,788.9
R,704,Oberon,761.4
R,705,Miranda,240
R,706,Cordelia,13
R,707,Ophelia,16
R,708,Bianca,22
R,709,Cressida,33
R,710,Desdemona,29
R,711,Juliet,42
R,712,Portia,55
R,713,Rosalind,29
R,714,Belinda,34
R,715,Puck,77
R,799,Uranus,25362
R,801,Triton,1352.6
R,802,Nereid,170
R,803,Naiad,29
R,804,Thalassa,40
R,805,Despina,74
R,806,Galatea,79
R,807,Larissa,104
R,808,Proteus,218
R,899,Neptune,24624
R,901,Charon,605
R,999,Pluto,1195
R,517,Callirrhoe,4.3
R,526,Isonoe,1.9
R,527,Praxidike,3.4
R,528,Autonoe,2
R,529,Thyone,2
R,530,Hermippe,2
R,531,Aitne,1.5
R,532,Eurydome,1.5
R,533,Euanthe,1.5
R,534,Euporie,1
R,535,Orthosie,1
R,536,Sponde,1
R,537,Kale,1
R,538,Pasithee,1
R,539,Hegemone,3
R,540,Mneme,2
R,541,Aoede,4
R,542,Thelxinoe,2
R,543,Arche,1.5
R,544,Kallichore,2
R,545,Helike,4
R,546,Carpo,3
R,547,Eukelade,4
R,548,Cyllene,2
R,549,Kore,2
R,550,Herse,2
R,551,2010J1,1421.2846301849606
R,552,2010J2,1911.6235977532585
R,553,Dia,Missing["NotAvailable"]
R,619,Ymir,9
R,620,Paaliaq,11
R,621,Tarvos,7.5
R,622,Ijiraq,6
R,623,Suttungr,3.5
R,624,Kiviuq,8
R,625,Mundilfari,3.5
R,626,Albiorix,16
R,627,Skathi,4
R,628,Erriapus,5
R,629,Siarnaq,20
R,630,Thrymr,3.5
R,631,Narvi,3.5
R,632,Methone,1.6
R,633,Pallene,2.6
R,634,Polydeuces,1.2
R,635,Daphnis,3.9
R,636,Aegir,3
R,637,Bebhionn,3
R,638,Bergelmir,3
R,639,Bestla,3
R,640,Farbauti,3
R,641,Fenrir,2
R,642,Fornjot,3
R,643,Hati,3
R,644,Hyrrokkin,4
R,645,Kari,3
R,646,Loge,3
R,647,Skoll,3
R,648,Surtur,3
R,649,Anthe,1
R,650,Jarnsaxa,3
R,651,Greip,3
R,652,Tarqeq,3.5
R,716,Caliban,49
R,717,Sycorax,95
R,718,Prospero,15
R,719,Setebos,15
R,720,Stephano,10
R,721,Trinculo,5
R,722,Francisco,11
R,723,Margaret,10
R,724,Ferdinand,10
R,725,Perdita,10
R,726,Mab,5
R,727,Cupid,5
R,809,Halimede,30
R,810,Psamathe,20
R,811,Sao,20
R,812,Laomedeia,20
R,813,Neso,30
R,814,2004N1,Missing["NotAvailable"]
R,902,Nix,19.5
R,903,Hydra,23.8
R,904,Kerberos,13.5
R,905,Styx,8.4
M,10,Sun,1.988544e30
M,199,Mercury,3.302e23
M,299,Venus,4.8685e24
M,301,Moon,7.349e22
M,399,Earth,5.97219e24
M,401,Phobos,1.08e20
M,402,Deimos,1.8e20
M,499,Mars,6.4185e23
M,501,Io,8.933e22
M,502,Europa,4.797e22
M,503,Ganymede,1.482e23
M,504,Callisto,1.076e23
M,505,Amalthea,3.5e18
M,506,Himalia,9.56e18
M,507,Elara,7.77e17
M,508,Pasiphae,1.91e17
M,509,Sinope,7.77e17
M,510,Lysithea,7.77e16
M,511,Carme,1.3e17
M,512,Ananke,3.e16
M,513,Leda,1.1e16
M,514,Thebe,4.3e17
M,515,Adrastea,2.e15
M,516,Metis,3.6e16
M,518,Themisto,6.89e14
M,524,Iocaste,1,9.483e17
M,599,Jupiter,1.89813e27
M,601,Mimas,3.75e19
M,602,Enceladus,1.0805e20
M,603,Tethys,6.176e20
M,604,Dione,1.09572e21
M,605,Rhea,2.309e21
M,606,Titan,1.34553e23
M,607,Hyperion,1.08e19
M,608,Iapetus,1.8059e21
M,609,Phoebe,8.289e18
M,610,Janus,1.98e18
M,611,Epimetheus,5.5e17
M,612,Helene,2.547e16
M,613,Telesto,7.194e15
M,614,Calypso,3.597e15
M,615,Atlas,5.3e15
M,616,Prometheus,1.4e17
M,617,Pandora,1.3e17
M,699,Saturn,5.68319e26
M,701,Ariel,1.353e21
M,702,Umbriel,1.172e21
M,703,Titania,3.527e21
M,704,Oberon,3.014e21
M,705,Miranda,6.59e19
M,799,Uranus,8.68103e25
M,801,Triton,2.147e22
M,899,Neptune,1.0241e26
M,901,Charon,1.53e21
M,999,Pluto,1.307e22
M,517,Callirrhoe,8.699999999999999e14
M,519,Megaclite,2.1e14
M,520,Taygete,1.6e14
M,521,Chaldene,70000000000000
M,522,Harpalyke,100000000000000
M,523,Kalyke,1.9e14
M,525,Erinome,40000000000000
M,526,Isonoe,70000000000000
M,527,Praxidike,4.3e14
M,528,Autonoe,90000000000000
M,529,Thyone,90000000000000
M,530,Hermippe,90000000000000
M,531,Aitne,40000000000000
M,532,Eurydome,40000000000000
M,533,Euanthe,40000000000000
M,534,Euporie,10000000000000
M,535,Orthosie,10000000000000
M,536,Sponde,10000000000000
M,537,Kale,85
M,538,Pasithee,10000000000000
M,553,Dia,494
M,618,Pan,4.9e15
M,619,Ymir,4.9e15
M,620,Paaliaq,8.199999999999999e15
M,621,Tarvos,2.7e15
M,622,Ijiraq,1.2e15
M,623,Suttungr,2.1e14
M,624,Kiviuq,3.3e15
M,625,Mundilfari,2.1e14
M,626,Albiorix,2.1e16
M,627,Skathi,3.1e14
M,628,Erriapus,7.6e14
M,629,Siarnaq,3.9e16
M,630,Thrymr,2.1e14
M,631,Narvi,3.4e14
M,632,Methone,140.18
M,649,Anthe,5000000000000
M,706,Cordelia,4.5e16
M,708,Bianca,9.3e16
M,710,Desdemona,1.78e17
M,711,Juliet,5.57e17
M,712,Portia,1.681e18
M,713,Rosalind,2.5499999999999997e17
M,714,Belinda,3.57e17
M,715,Puck,2.893e18
M,716,Caliban,7.3e17
M,717,Sycorax,5.38e18
M,718,Prospero,2.1e16
M,719,Setebos,2.1e16
M,720,Stephano,6000000000000000
M,721,Trinculo,700000000000000
M,802,Nereid,3.09e19
M,803,Naiad,1.9e17
M,804,Thalassa,3.7e17
M,805,Despina,2.1e18
M,806,Galatea,3.7e18
M,807,Larissa,4.9e18
M,808,Proteus,5.03e19
M,814,2004N1,5.481e6
M,902,Nix,4.7e16
M,903,Hydra,80000000000000000
M,539,Hegemone,1.809557368467721e14
M,540,Mneme,5.3616514621265805e13
M,541,Aoede,4.2893211697012644e14
M,542,Thelxinoe,5.3616514621265805e13
M,543,Arche,2.261946710584651e13
M,544,Kallichore,5.3616514621265805e13
M,545,Helike,4.2893211697012644e14
M,546,Carpo,1.809557368467721e14
M,547,Eukelade,4.2893211697012644e14
M,548,Cyllene,5.3616514621265805e13
M,549,Kore,5.3616514621265805e13
M,550,Herse,5.3616514621265805e13
M,551,2010J1,1.924206913626228e22
M,552,2010J2,4.681831085533865e22
M,633,Pallene,1.1779548262292098e14
M,634,Polydeuces,1.1581167158193414e13
M,635,Daphnis,3.9755975385235825e14
M,636,Aegir,1.809557368467721e14
M,637,Bebhionn,1.809557368467721e14
M,638,Bergelmir,1.809557368467721e14
M,639,Bestla,1.809557368467721e14
M,640,Farbauti,1.809557368467721e14
M,641,Fenrir,5.3616514621265805e13
M,642,Fornjot,1.809557368467721e14
M,643,Hati,1.809557368467721e14
M,644,Hyrrokkin,4.2893211697012644e14
M,645,Kari,1.809557368467721e14
M,646,Loge,1.809557368467721e14
M,647,Skoll,1.809557368467721e14
M,648,Surtur,1.809557368467721e14
M,650,Jarnsaxa,1.809557368467721e14
M,651,Greip,1.809557368467721e14
M,652,Tarqeq,2.8735100804834644e14
M,653,Aegaeon,3.4314569357610117e12
M,707,Ophelia,2.7451655486088092e16
M,709,Cressida,2.4085208574305363e17
M,722,Francisco,8.920447620113099e15
M,723,Margaret,6.702064327658226e15
M,724,Ferdinand,6.702064327658226e15
M,725,Perdita,6.702064327658226e15
M,726,Mab,8.377580409572782e14
M,727,Cupid,8.377580409572782e14
M,809,Halimede,1.809557368467721e17
M,810,Psamathe,5.361651462126581e16
M,811,Sao,5.361651462126581e16
M,812,Laomedeia,5.361651462126581e16
M,813,Neso,1.809557368467721e17
M,904,Kerberos,1.6489591520162106e16
M,905,Styx,3.972340335260341e15
P,10,Sun,2.4573875e6, A.D. 2015-Dec-31 00:00:00.0000,559049.4055125477,208764.3560288118,-24121.45212938617,0.00151082518668189,0.01193408737636181,-0.00004886242563683935,
P,199,Mercury,2.4573875e6, A.D. 2015-Dec-31 00:00:00.0000,4.527854311129748e7,2.089178983463553e7,-2.436861470289893e6,-29.93210477424411,46.38151668029497,6.535065774837726,
P,299,Venus,2.4573875e6, A.D. 2015-Dec-31 00:00:00.0000,-1.068625734229039e8,-5.525449738496638e6,6.096161085304536e6,1.658564574833822,-35.1141803349256,-0.5772701977170076,
P,301,Moon,2.4573875e6, A.D. 2015-Dec-31 00:00:00.0000,-2.219180514448998e7,1.457090587432225e8,-35433.74834531546,-30.21788495489723,-5.546987836441216,0.08359992922378079,
P,399,Earth,2.4573875e6, A.D. 2015-Dec-31 00:00:00.0000,-2.180609859381733e7,1.456022036529616e8,-29185.11448724568,-29.92224973962879,-4.618376221270331,-0.0007696454354169102,
P,401,Phobos,2.4573875e6, A.D. 2015-Dec-31 00:00:00.0000,-2.458862689031831e8,2.754155890468528e7,6.593449407131417e6,-0.8723869739923642,-20.11001448092365,-0.7833379875992437,
P,402,Deimos,2.4573875e6, A.D. 2015-Dec-31 00:00:00.0000,-2.458908847694412e8,2.752292127803095e7,6.593803282035034e6,-0.5543980944948195,-21.76908459790456,-0.9697547861924498,
P,499,Mars,2.4573875e6, A.D. 2015-Dec-31 00:00:00.0000,-2.458936813150658e8,2.75459492210281e7,6.597312953894267e6,-1.76572828648873,-22.0005598435332,-0.4179493053201186,
P,501,Io,2.4573875e6, A.D. 2015-Dec-31 00:00:00.0000,-7.738387197166172e8,2.390999884855132e8,1.629544118573987e7,-3.224313937950782,-29.12329824594885,-0.4605336096010308,
P,502,Europa,2.4573875e6, A.D. 2015-Dec-31 00:00:00.0000,-7.731286591684456e8,2.385171361247092e8,1.628028389665341e7,8.489710823907362,-6.050701157012464,0.5903117730456289,
P,503,Ganymede,2.4573875e6, A.D. 2015-Dec-31 00:00:00.0000,-7.732460899950325e8,2.40176644048e8,1.634456351452914e7,-14.74403656566583,-10.11662662167719,0.06441053407674202,
P,504,Callisto,2.4573875e6, A.D. 2015-Dec-31 00:00:00.0000,-7.74030325096448e8,2.40903335159126e8,1.635094266047218e7,-11.77107584448004,-14.47249669377961,-0.04800548587265219,
P,505,Amalthea,2.4573875e6, A.D. 2015-Dec-31 00:00:00.0000,-7.73306441829543e8,2.389760778775926e8,1.629770537473746e7,17.01189043637842,4.232295643186875,0.9889988325457724,
P,506,Himalia,2.4573875e6, A.D. 2015-Dec-31 00:00:00.0000,-7.827637769442286e8,2.304062331496918e8,1.673768437871562e7,-2.396465015387757,-13.87742867570923,-1.300590229021588,
P,507,Elara,2.4573875e6, A.D. 2015-Dec-31 00:00:00.0000,-7.687444327385454e8,2.508109709824334e8,1.305072235642175e7,-6.167524235974392,-10.23183155747323,1.276886419009421,
P,508,Pasiphae,2.4573875e6, A.D. 2015-Dec-31 00:00:00.0000,-7.600085215394677e8,2.128027497363466e8,3.113627741935605e7,-5.405377340188267,-12.38804017222572,0.1762962874263323,
P,509,Sinope,2.4573875e6, A.D. 2015-Dec-31 00:00:00.0000,-7.851630575291481e8,2.228401870535246e8,2.213168418233548e7,-6.366656582965434,-10.93836624078957,-0.3332829753680904,
P,510,Lysithea,2.4573875e6, A.D. 2015-Dec-31 00:00:00.0000,-7.817105486003917e8,2.307707970773697e8,1.113132750850832e7,-1.91135656209071,-13.83302879066278,-0.615011645035767,
P,511,Carme,2.4573875e6, A.D. 2015-Dec-31 00:00:00.0000,-7.871807018641057e8,2.127701583133373e8,1.067165030802083e7,-5.34144372649268,-10.9394408555284,0.4431686438604991,
P,512,Ananke,2.4573875e6, A.D. 2015-Dec-31 00:00:00.0000,-7.719797237810762e8,2.22887156596719e8,1.992948785340671e7,-6.53041500494687,-12.68029391906616,-1.310993977420726,
P,513,Leda,2.4573875e6, A.D. 2015-Dec-31 00:00:00.0000,-7.69680035686855e8,2.478747978751913e8,1.23177320910586e7,-7.531806361194127,-11.40139254564188,-0.5946392704172556,
P,514,Thebe,2.4573875e6, A.D. 2015-Dec-31 00:00:00.0000,-7.732012392363594e8,2.39158495088196e8,1.631027974792215e7,-8.512469103284218,11.97761406960456,1.187393272464085,
P,515,Adrastea,2.4573875e6, A.D. 2015-Dec-31 00:00:00.0000,-7.733589807411767e8,2.392356796517153e8,1.630743058656408e7,-32.1883039811545,2.09516387831553,0.2269636193056211,
P,516,Metis,2.4573875e6, A.D. 2015-Dec-31 00:00:00.0000,-7.735207569749576e8,2.391939451330436e8,1.630351863727957e7,-22.21935082029109,-37.65012580323079,-1.047474386792574,
P,517,Callirrhoe,2.4573875e6, A.D. 2015-Dec-31 00:00:00.0000,-7.757533477368618e8,2.278587426806902e8,2.2993672850605e7,-7.586178100176313,-11.01967507861353,0.5401458475863121,
P,518,Themisto,2.4573875e6, A.D. 2015-Dec-31 00:00:00.0000,-7.678574556612074e8,2.359147411278406e8,2.070545156332275e7,-2.039036005876142,-9.23329032717064,-2.009758557501731,
P,519,Megaclite,2.4573875e6, A.D. 2015-Dec-31 00:00:00.0000,-7.727990592793595e8,2.205484111092857e8,2.772639901564865e7,-6.359930813110262,-12.39290421109216,0.6792512176008962,
P,520,Taygete,2.4573875e6, A.D. 2015-Dec-31 00:00:00.0000,-7.570172999956392e8,2.219546353938729e8,2.159129768683967e7,-5.097547793694805,-13.79390785857601,0.5516022289507134,
P,521,Chaldene,2.4573875e6, A.D. 2015-Dec-31 00:00:00.0000,-7.517164675181893e8,2.364500480560847e8,1.271863064829554e7,-5.098407965917913,-14.04941667172142,-0.2345233176317256,
P,522,Harpalyke,2.4573875e6, A.D. 2015-Dec-31 00:00:00.0000,-7.753017060065664e8,2.214437118584492e8,1.681897570790015e7,-6.355159754245073,-11.70608619569031,-1.474026053712363,
P,523,Kalyke,2.4573875e6, A.D. 2015-Dec-31 00:00:00.0000,-7.470118165264328e8,2.320404046991979e8,2.140843130116165e7,-4.676983021499585,-13.70588504173758,-0.16392817855633,
P,524,Iocaste,2.4573875e6, A.D. 2015-Dec-31 00:00:00.0000,-7.67862507109833e8,2.245011295635577e8,2.081231120721827e7,-6.91057934201757,-11.93943898238183,1.192442212660276,
P,525,Erinome,2.4573875e6, A.D. 2015-Dec-31 00:00:00.0000,-7.61661778220674e8,2.62713077062048e8,1.17076336075635e7,-2.559576968036622,-13.09503490671619,0.5575722320798944,
P,526,Isonoe,2.4573875e6, A.D. 2015-Dec-31 00:00:00.0000,-7.940900609263837e8,2.212863910828238e8,1.381006607884176e7,-5.331439802911059,-10.57376886967957,0.623815879240389,
P,527,Praxidike,2.4573875e6, A.D. 2015-Dec-31 00:00:00.0000,-7.871147824077669e8,2.21714455487714e8,2.973539537873444e7,-5.244679156046113,-10.43867688093112,-0.09843620508773698,
P,528,Autonoe,2.4573875e6, A.D. 2015-Dec-31 00:00:00.0000,-7.895908964205375e8,2.509631464973597e8,1.282199154339191e7,-3.443487215158113,-9.514825928402884,-1.044604812932648,
P,529,Thyone,2.4573875e6, A.D. 2015-Dec-31 00:00:00.0000,-7.84288081514078e8,2.520228068188201e8,2.020578225484073e7,-2.531747289922913,-9.77372730538602,-1.296416078768435,
P,530,Hermippe,2.4573875e6, A.D. 2015-Dec-31 00:00:00.0000,-7.957091334107801e8,2.329928425268974e8,1.374475997333421e7,-4.073044564829941,-9.904544553700983,-0.9291221072401563,
P,531,Aitne,2.4573875e6, A.D. 2015-Dec-31 00:00:00.0000,-7.903109271579683e8,2.570259940276133e8,1.011709274760985e7,-2.999163821038205,-9.97429951986502,0.2556018083735201,
P,532,Eurydome,2.4573875e6, A.D. 2015-Dec-31 00:00:00.0000,-7.795401996925006e8,2.501571071081155e8,1.014297913117906e7,-0.6551685965143266,-10.78477090005727,-0.1139529364529532,
P,533,Euanthe,2.4573875e6, A.D. 2015-Dec-31 00:00:00.0000,-7.927176572038743e8,2.477562839295917e8,2.410872135561253e7,-3.716693148570247,-9.788614818975857,-0.8062495293732974,
P,534,Euporie,2.4573875e6, A.D. 2015-Dec-31 00:00:00.0000,-7.640757061146652e8,2.517279661203086e8,2.42192816664221e7,-2.315671531132975,-13.89930010451036,1.017400064035825,
P,535,Orthosie,2.4573875e6, A.D. 2015-Dec-31 00:00:00.0000,-7.637768798781941e8,2.44435184142089e8,9.77520756842336e6,-2.876514097657405,-15.27858287577445,-0.7547963964199988,
P,536,Sponde,2.4573875e6, A.D. 2015-Dec-31 00:00:00.0000,-7.696578577417372e8,2.123324150587771e8,1.298460057054326e6,-5.459109796865256,-12.64508770309058,0.03463563182259932,
P,537,Kale,2.4573875e6, A.D. 2015-Dec-31 00:00:00.0000,-8.004537233731039e8,2.419323025801624e8,1.174983732020123e7,-3.567624964319118,-9.973052004951747,0.4939098667456165,
P,538,Pasithee,2.4573875e6, A.D. 2015-Dec-31 00:00:00.0000,-7.92352562629766e8,2.196942473788482e8,1.726608982677348e7,-4.897764017581518,-10.2273386567785,-0.3622785975438512,
P,539,Hegemone,2.4573875e6, A.D. 2015-Dec-31 00:00:00.0000,-7.644768381951412e8,2.095781133377126e8,2.900373499482124e7,-5.350960332182508,-12.38613262803768,-0.01120929476648413,
P,540,Mneme,2.4573875e6, A.D. 2015-Dec-31 00:00:00.0000,-7.796103319721324e8,2.210637314893666e8,1.835244419278288e7,-6.369027516871387,-11.927131398964,-1.06248892586183,
P,541,Aoede,2.4573875e6, A.D. 2015-Dec-31 00:00:00.0000,-7.53457593305445e8,2.342346155431889e8,5.358902704730362e6,-3.664192469209176,-14.18861349249875,-0.2886313403673899,
P,542,Thelxinoe,2.4573875e6, A.D. 2015-Dec-31 00:00:00.0000,-7.902728932386284e8,2.362063994086803e8,2.269042074031046e7,-4.303446648718284,-9.356414433520936,1.370447496768159,
P,543,Arche,2.4573875e6, A.D. 2015-Dec-31 00:00:00.0000,-7.820740781514746e8,2.553891691961322e8,1.162378792624721e7,-1.761961630988481,-10.21135683649493,0.2139121771745236,
P,544,Kallichore,2.4573875e6, A.D. 2015-Dec-31 00:00:00.0000,-7.666716842350049e8,2.179707565514506e8,1.794097678536618e7,-5.96389755700622,-13.20165739981475,-0.3508758365857911,
P,545,Helike,2.4573875e6, A.D. 2015-Dec-31 00:00:00.0000,-7.516194016396165e8,2.335022050657787e8,2.020360871370476e7,-4.391410338907645,-13.95629918950921,-0.6956852941321596,
P,546,Carpo,2.4573875e6, A.D. 2015-Dec-31 00:00:00.0000,-7.620691618238052e8,2.436475094149973e8,1.809329839991255e7,-6.074837629532162,-10.44741446231619,2.75943529363588,
P,547,Eukelade,2.4573875e6, A.D. 2015-Dec-31 00:00:00.0000,-7.544794747777228e8,2.618571545269643e8,1.198981069933841e7,-2.962102990759761,-13.11555471996168,-0.3122582518057273,
P,548,Cyllene,2.4573875e6, A.D. 2015-Dec-31 00:00:00.0000,-7.608514277456033e8,2.233729674139479e8,1.834350540862796e7,-4.537378364677438,-14.27428237105578,1.251081216446184,
P,549,Kore,2.4573875e6, A.D. 2015-Dec-31 00:00:00.0000,-7.528266461082448e8,2.287617339402639e8,2.982016195172043e7,-5.388946873040002,-13.25076089231795,0.880401579062176,
P,550,Herse,2.4573875e6, A.D. 2015-Dec-31 00:00:00.0000,-7.988839718209313e8,2.387887702530754e8,1.725144979680543e7,-4.410789465240224,-9.822861553073967,-0.3970461641978456,
P,551,2010J1,2.4573875e6, A.D. 2015-Dec-31 00:00:00.0000,-7.617140550262116e8,2.137572240871339e8,2.176338864612144e7,-5.439943216035152,-13.00425746021846,0.5016466557193935,
P,552,2010J2,2.4573875e6, A.D. 2015-Dec-31 00:00:00.0000,-7.922803864707203e8,2.254837104969815e8,1.308828864577098e7,-5.263602908413612,-10.51983948038722,-0.996455407345429,
P,553,Dia,2.4573875e6, A.D. 2015-Dec-31 00:00:00.0000,-7.634005714602151e8,2.455025523119664e8,2.157118354480909e7,-5.885419083993215,-9.668491616957835,-0.7610298514274856,
P,599,Jupiter,2.4573875e6, A.D. 2015-Dec-31 00:00:00.0000,-7.734162356866518e8,2.391202074077309e8,1.630243024312106e7,-4.010793457551997,-11.86639471147407,0.1391121750379449,
P,601,Mimas,2.4573875e6, A.D. 2015-Dec-31 00:00:00.0000,-5.557585322801881e8,-1.389242544584401e9,4.619385933347797e7,-4.652765771374641,2.121259609298237,-2.431404866320602,
P,602,Enceladus,2.4573875e6, A.D. 2015-Dec-31 00:00:00.0000,-5.557748897182196e8,-1.38959524257895e9,4.638238119057101e7,20.59696601089898,-1.409614415601129,-2.606281289433156,
P,603,Tethys,2.4573875e6, A.D. 2015-Dec-31 00:00:00.0000,-5.558167739688345e8,-1.389650431984178e9,4.641110696493572e7,19.74369763976641,-3.439309731622421,-1.277589358676576,
P,604,Dione,2.4573875e6, A.D. 2015-Dec-31 00:00:00.0000,-5.561841862785083e8,-1.389492180156092e9,4.636778777118856e7,11.96416925884735,-12.07078898770843,3.814227057604564,
P,605,Rhea,2.4573875e6, A.D. 2015-Dec-31 00:00:00.0000,-5.556365101822325e8,-1.389828823128109e9,4.648931391034263e7,16.28500083682553,-1.092330332562759,-2.305990736302042,
P,606,Titan,2.4573875e6, A.D. 2015-Dec-31 00:00:00.0000,-5.555952087568368e8,-1.390446463689847e9,4.68014843805781e7,13.92816951078081,-2.722332767380362,-1.278003968145073,
P,607,Hyperion,2.4573875e6, A.D. 2015-Dec-31 00:00:00.0000,-5.558065306898468e8,-1.390826968758622e9,4.699647125738639e7,13.0505554274039,-3.414273613592385,-0.8221346376093384,
P,608,Iapetus,2.4573875e6, A.D. 2015-Dec-31 00:00:00.0000,-5.561222591914165e8,-1.385933264413833e9,4.553711945858222e7,5.227311232959243,-3.651322736596656,0.3826510362415465,
P,609,Phoebe,2.4573875e6, A.D. 2015-Dec-31 00:00:00.0000,-5.428318402570481e8,-1.387959299557024e9,4.471472626153964e7,8.374164206471987,-5.295007900598093,-0.2710439769546722,
P,610,Janus,2.4573875e6, A.D. 2015-Dec-31 00:00:00.0000,-5.559568239087669e8,-1.389460235550066e9,4.632924240554243e7,17.44761458573542,-15.38819187660689,5.07389855496756,
P,611,Epimetheus,2.4573875e6, A.D. 2015-Dec-31 00:00:00.0000,-5.557156241855637e8,-1.389305877189289e9,4.622556781885427e7,-1.665960554008825,7.438312626374362,-5.179980585742116,
P,612,Helene,2.4573875e6, A.D. 2015-Dec-31 00:00:00.0000,-5.557849442520106e8,-1.389722767157005e9,4.645155644296592e7,18.28230838601233,-2.92724199752518,-1.605841057438544,
P,613,Telesto,2.4573875e6, A.D. 2015-Dec-31 00:00:00.0000,-5.555699787649425e8,-1.389513058857611e9,4.632464209447926e7,13.5303339056627,5.232294390811952,-5.229349096983866,
P,614,Calypso,2.4573875e6, A.D. 2015-Dec-31 00:00:00.0000,-5.560757370255601e8,-1.389525948516529e9,4.637150246665943e7,14.77098426623495,-12.31183723321218,3.363514058957579,
P,615,Atlas,2.4573875e6, A.D. 2015-Dec-31 00:00:00.0000,-5.559694447153476e8,-1.389390140145621e9,4.62937359357481e7,9.527087479364369,-18.37576937923143,7.356067738070683,
P,616,Prometheus,2.4573875e6, A.D. 2015-Dec-31 00:00:00.0000,-5.558108975241815e8,-1.389510400876931e9,4.634139870335484e7,24.68632721656726,-1.943698984514748,-2.721486499610974,
P,617,Pandora,2.4573875e6, A.D. 2015-Dec-31 00:00:00.0000,-5.557777511434999e8,-1.389274545090509e9,4.621466480266154e7,-6.657415848927164,2.687898694722157,-2.12818736656965,
P,618,Pan,2.4573875e6, A.D. 2015-Dec-31 00:00:00.0000,-5.558378674193063e8,-1.389505496786208e9,4.634143209004217e7,25.25710543399882,-4.870294649633196,-1.245043904860904,
P,619,Ymir,2.4573875e6, A.D. 2015-Dec-31 00:00:00.0000,-5.628400599770561e8,-1.375481811450628e9,4.817536869791192e7,9.831646060056356,-2.501743793031592,-0.2991435012175122,
P,620,Paaliaq,2.4573875e6, A.D. 2015-Dec-31 00:00:00.0000,-5.381481421310091e8,-1.383654357007337e9,5.744606900948638e7,8.209696988444476,-2.860877529734239,0.3110501563012904,
P,621,Tarvos,2.4573875e6, A.D. 2015-Dec-31 00:00:00.0000,-5.495127825543721e8,-1.385732272749354e9,4.254154770361573e7,7.83353920326886,-1.288725553159902,0.8987119256668203,
P,622,Ijiraq,2.4573875e6, A.D. 2015-Dec-31 00:00:00.0000,-5.574287842534064e8,-1.393900444042238e9,5.152755713805389e7,10.69496628561938,-5.115255349540202,-0.3640725546419226,
P,623,Suttungr,2.4573875e6, A.D. 2015-Dec-31 00:00:00.0000,-5.370150538755271e8,-1.399657169949322e9,4.429665593063956e7,7.770921048509059,-4.664074728357988,-0.2207441893628448,
P,624,Kiviuq,2.4573875e6, A.D. 2015-Dec-31 00:00:00.0000,-5.579295660288006e8,-1.397850794770953e9,3.650374257640857e7,9.961775968866194,-3.968614532302383,-0.2915351572847229,
P,625,Mundilfari,2.4573875e6, A.D. 2015-Dec-31 00:00:00.0000,-5.354997900427609e8,-1.398088149672228e9,4.985097863924825e7,8.11197518356606,-4.716904537225745,-0.3561401936449189,
P,626,Albiorix,2.4573875e6, A.D. 2015-Dec-31 00:00:00.0000,-5.357426849633318e8,-1.392627558927299e9,3.225282603366983e7,8.502133969226408,-2.768651723903859,-0.3141364764139879,
P,627,Skathi,2.4573875e6, A.D. 2015-Dec-31 00:00:00.0000,-5.48242154776016e8,-1.405381587395425e9,4.58577221656e7,7.519905615677876,-4.348476406781839,0.4109636987466647,
P,628,Erriapus,2.4573875e6, A.D. 2015-Dec-31 00:00:00.0000,-5.596176264863577e8,-1.413281521446451e9,5.838806671026331e7,9.117220199266274,-3.839161154165692,-0.6698198836522071,
P,629,Siarnaq,2.4573875e6, A.D. 2015-Dec-31 00:00:00.0000,-5.667010195726521e8,-1.393884103499961e9,5.149721284900111e7,7.937817823860271,-5.316364342995903,-1.070037106345885,
P,630,Thrymr,2.4573875e6, A.D. 2015-Dec-31 00:00:00.0000,-5.277903646117003e8,-1.389942255636698e9,4.354147548994094e7,8.785305570260928,-4.449002100288093,-0.3115006021479292,
P,631,Narvi,2.4573875e6, A.D. 2015-Dec-31 00:00:00.0000,-5.519107967380378e8,-1.400281835974114e9,3.576793823890543e7,6.954328780525961,-4.318827255048562,-0.7041589095030125,
P,632,Methone,2.4573875e6, A.D. 2015-Dec-31 00:00:00.0000,-5.556436629762851e8,-1.389431752159822e9,4.628392977380931e7,11.41436484068709,8.37404756804572,-6.845823639130868,
P,633,Pallene,2.4573875e6, A.D. 2015-Dec-31 00:00:00.0000,-5.559048091869054e8,-1.38956123427322e9,4.637668409696203e7,21.00173558867662,-8.145904481391291,0.843589654214099,
P,634,Polydeuces,2.4573875e6, A.D. 2015-Dec-31 00:00:00.0000,-5.561891541578195e8,-1.389254139198555e9,4.624509912919027e7,5.117896047275794,-11.74895157662089,4.306359085411921,
P,635,Daphnis,2.4573875e6, A.D. 2015-Dec-31 00:00:00.0000,-5.558923814695011e8,-1.389276455568161e9,4.622669175450647e7,-6.520727015553181,-9.51942361892331,4.267644756011056,
P,636,Aegir,2.4573875e6, A.D. 2015-Dec-31 00:00:00.0000,-5.78523190737707e8,-1.383298673241921e9,4.946426191915762e7,8.492693748720265,-2.484965268121316,-0.0400733756168814,
P,637,Bebhionn,2.4573875e6, A.D. 2015-Dec-31 00:00:00.0000,-5.344705346524395e8,-1.380932435546478e9,4.165155371277863e7,8.22210029240854,-2.889286065874437,-0.9325294733399786,
P,638,Bergelmir,2.4573875e6, A.D. 2015-Dec-31 00:00:00.0000,-5.745936223034483e8,-1.397511868089559e9,4.885171127531153e7,8.106792528739556,-2.430506487107029,0.1701897670461687,
P,639,Bestla,2.4573875e6, A.D. 2015-Dec-31 00:00:00.0000,-5.615294203918668e8,-1.37888020589466e9,4.294637837283564e7,9.315012075224962,-2.194659315619795,-1.480575689284839,
P,640,Farbauti,2.4573875e6, A.D. 2015-Dec-31 00:00:00.0000,-5.508295109171295e8,-1.373286646909253e9,5.364734876940459e7,9.917954130918812,-3.816791217929505,-0.06210119068429609,
P,641,Fenrir,2.4573875e6, A.D. 2015-Dec-31 00:00:00.0000,-5.596921253180308e8,-1.370428506349135e9,4.914424552568942e7,9.832299308201637,-3.265780750150986,-0.6237259989349249,
P,642,Fornjot,2.4573875e6, A.D. 2015-Dec-31 00:00:00.0000,-5.689355292729961e8,-1.36216657323947e9,4.741948073504519e7,9.337761197356977,-3.245543565369623,-0.4865981267865309,
P,643,Hati,2.4573875e6, A.D. 2015-Dec-31 00:00:00.0000,-5.670847933269135e8,-1.399533246110716e9,5.08382220229041e7,6.938511000361111,-2.827166343666146,-0.2540376140663768,
P,644,Hyrrokkin,2.4573875e6, A.D. 2015-Dec-31 00:00:00.0000,-5.48763732348369e8,-1.377253319091896e9,4.642910071819454e7,10.10503618022479,-3.811979445173314,0.4588971832967421,
P,645,Kari,2.4573875e6, A.D. 2015-Dec-31 00:00:00.0000,-5.445243146249397e8,-1.417937493078889e9,4.910391708290613e7,7.712884172186823,-3.735958788541468,0.1851757124649154,
P,646,Loge,2.4573875e6, A.D. 2015-Dec-31 00:00:00.0000,-5.811794129181788e8,-1.379545874873213e9,4.503037683878601e7,8.707240002712737,-2.634165329396963,-0.5251143650544114,
P,647,Skoll,2.4573875e6, A.D. 2015-Dec-31 00:00:00.0000,-5.671303826923448e8,-1.403737317740036e9,5.416436466250086e7,7.841823356106653,-2.47258827181917,-0.3459090643948013,
P,648,Surtur,2.4573875e6, A.D. 2015-Dec-31 00:00:00.0000,-5.407104203274387e8,-1.390055380167955e9,4.260700137567347e7,7.862605220295757,-5.298951926315344,-0.1239384161025676,
P,649,Anthe,2.4573875e6, A.D. 2015-Dec-31 00:00:00.0000,-5.5594917571196e8,-1.389241722430789e9,4.621407684766328e7,-2.697972697648396,-10.45391704430712,4.390554493799694,
P,650,Jarnsaxa,2.4573875e6, A.D. 2015-Dec-31 00:00:00.0000,-5.331004430545117e8,-1.389890710161858e9,4.917317671292806e7,8.60209263136195,-4.717258181789174,0.02758549645309771,
P,651,Greip,2.4573875e6, A.D. 2015-Dec-31 00:00:00.0000,-5.654428439546055e8,-1.379601547632493e9,4.534882740726161e7,9.47497921091215,-2.091738724459392,-0.4928005721717482,
P,652,Tarqeq,2.4573875e6, A.D. 2015-Dec-31 00:00:00.0000,-5.632984463210177e8,-1.379544904238984e9,5.644146644838583e7,7.760980834288539,-4.894604500600485,0.4355069383851486,
P,653,Aegaeon,2.4573875e6, A.D. 2015-Dec-31 00:00:00.0000,-5.559930694401928e8,-1.389340141468981e9,4.62698227017324e7,4.293644480611907,-16.28530721449606,6.766657985140448,
P,699,Saturn,2.4573875e6, A.D. 2015-Dec-31 00:00:00.0000,-5.558326770921978e8,-1.389387468326817e9,4.627908430906135e7,8.438249518797965,-3.617142582582469,-0.2727563299000966,
P,701,Ariel,2.4573875e6, A.D. 2015-Dec-31 00:00:00.0000,2.823519721988947e9,9.80016377342245e8,-3.309362754636067e7,-6.793618371329269,6.672922241097988,-3.058844517101248,
P,702,Umbriel,2.4573875e6, A.D. 2015-Dec-31 00:00:00.0000,2.823678779385472e9,9.800046225134295e8,-3.292846461773258e7,-2.239162788810146,5.469095992314974,-4.555352494794558,
P,703,Titania,2.4573875e6, A.D. 2015-Dec-31 00:00:00.0000,2.823121933309844e9,9.80080488757892e8,-3.325741918548763e7,-4.848008045708687,7.019288379984338,2.482420222652093,
P,704,Oberon,2.4573875e6, A.D. 2015-Dec-31 00:00:00.0000,2.822900981778544e9,9.801354109474727e8,-3.320019738994706e7,-3.596502049901293,6.796308597611841,2.828270983717993,
P,705,Miranda,2.4573875e6, A.D. 2015-Dec-31 00:00:00.0000,2.823474423804035e9,9.800611292794795e8,-3.282112454427147e7,3.637852708559985,4.930522752033106,-2.805876825783788,
P,706,Cordelia,2.4573875e6, A.D. 2015-Dec-31 00:00:00.0000,2.823400505550226e9,9.800700904846914e8,-3.289379162577993e7,7.54814992134669,4.539240479067404,4.240906329995101,
P,707,Ophelia,2.4573875e6, A.D. 2015-Dec-31 00:00:00.0000,2.823441529793408e9,9.800482491322529e8,-3.298667738775235e7,-11.29603214071459,7.432538167944283,-4.760809136001141,
P,708,Bianca,2.4573875e6, A.D. 2015-Dec-31 00:00:00.0000,2.823438501832047e9,9.800481702774637e8,-3.299351836840141e7,-11.34237818969273,7.57889505570176,-3.643899813880224,
P,709,Cressida,2.4573875e6, A.D. 2015-Dec-31 00:00:00.0000,2.823374807723097e9,9.80075188105708e8,-3.289792244211775e7,4.296945059619415,5.660944800958911,7.149650096161106,
P,710,Desdemona,2.4573875e6, A.D. 2015-Dec-31 00:00:00.0000,2.823389891866301e9,9.800585107860388e8,-3.299502992250341e7,-10.61945826909432,8.510009261231232,4.214911248940929,
P,711,Juliet,2.4573875e6, A.D. 2015-Dec-31 00:00:00.0000,2.823481081701485e9,9.800465546683108e8,-3.293663144816548e7,-2.193524133037501,4.785489364644453,-9.348925042993903,
P,712,Portia,2.4573875e6, A.D. 2015-Dec-31 00:00:00.0000,2.823480743471177e9,9.800487773501197e8,-3.292091020064998e7,0.00439048337719683,4.366881697319474,-8.860511884259202,
P,713,Rosalind,2.4573875e6, A.D. 2015-Dec-31 00:00:00.0000,2.823358329724101e9,9.800679867687285e8,-3.297440341290033e7,-6.582441649548834,8.135056662079016,7.81842291536755,
P,714,Belinda,2.4573875e6, A.D. 2015-Dec-31 00:00:00.0000,2.823397629496082e9,9.800743324583403e8,-3.286820200862479e7,5.952932585163429,4.689789393427915,2.727934326335761,
P,715,Puck,2.4573875e6, A.D. 2015-Dec-31 00:00:00.0000,2.823426367415957e9,9.800461318436465e8,-3.302248951102489e7,-10.26705662530917,7.712855010983274,-1.004785286183913,
P,716,Caliban,2.4573875e6, A.D. 2015-Dec-31 00:00:00.0000,2.818524511972015e9,9.838971552065755e8,-3.006058008629054e7,-1.671266817119187,6.640545249793734,0.5354281909674943,
P,717,Sycorax,2.4573875e6, A.D. 2015-Dec-31 00:00:00.0000,2.822039528696435e9,9.953241894028008e8,-3.071997186821759e7,-1.88049947504934,6.399788806090385,-0.1191535322472852,
P,718,Prospero,2.4573875e6, A.D. 2015-Dec-31 00:00:00.0000,2.834748029037467e9,9.625762721106563e8,-2.824976226995361e7,-2.648707015142839,6.035615339407286,0.2605826818503272,
P,719,Setebos,2.4573875e6, A.D. 2015-Dec-31 00:00:00.0000,2.813608643938329e9,9.905077482582078e8,-2.509718448235786e7,-2.161197289655574,6.717550103101718,0.08488366039894624,
P,720,Stephano,2.4573875e6, A.D. 2015-Dec-31 00:00:00.0000,2.831175047126061e9,9.834182521323409e8,-3.13842342374931e7,-1.867707585400509,5.613829515921338,-0.3899677560677548,
P,721,Trinculo,2.4573875e6, A.D. 2015-Dec-31 00:00:00.0000,2.822938249934795e9,9.709297236345654e8,-3.499051240809929e7,-3.019162449953358,6.008966011581199,0.08753798112496414,
P,722,Francisco,2.4573875e6, A.D. 2015-Dec-31 00:00:00.0000,2.82653605942658e9,9.806034712738271e8,-3.091718929109955e7,-2.103770499155436,4.815373170630706,-0.03267777789334469,
P,723,Margaret,2.4573875e6, A.D. 2015-Dec-31 00:00:00.0000,2.820573369830018e9,9.625179711314278e8,-5.18795884843483e7,-2.09502830104157,6.118268394602296,-0.03660492722614439,
P,724,Ferdinand,2.4573875e6, A.D. 2015-Dec-31 00:00:00.0000,2.837850358653379e9,9.676044614221857e8,-3.70262202808283e7,-2.45996187182092,5.590966474378261,0.005913800934926439,
P,725,Perdita,2.4573875e6, A.D. 2015-Dec-31 00:00:00.0000,2.823343092685831e9,9.800749267663143e8,-3.294940132166076e7,-3.221517694419095,7.566035619378754,8.501992546349731,
P,726,Mab,2.4573875e6, A.D. 2015-Dec-31 00:00:00.0000,2.823352459037853e9,9.800644605992434e8,-3.301073362217647e7,-7.753026224064141,7.997792074365384,5.110450477975845,
P,727,Cupid,2.4573875e6, A.D. 2015-Dec-31 00:00:00.0000,2.823480177491763e9,9.800416968068333e8,-3.297438794104582e7,-6.746467955469928,6.030577773989508,-7.569071331796589,
P,799,Uranus,2.4573875e6, A.D. 2015-Dec-31 00:00:00.0000,2.823418000818237e9,9.80060229113473e8,-3.293807330068141e7,-2.282718576300823,6.115936833200098,0.05221731038785116,
P,801,Triton,2.4573875e6, A.D. 2015-Dec-31 00:00:00.0000,4.181862861707227e9,-1.612228647176875e9,-6.2968309112378e7,5.592087740325303,5.677042036958292,-2.482909620309721,
P,802,Nereid,2.4573875e6, A.D. 2015-Dec-31 00:00:00.0000,4.179614408676297e9,-1.606336951990623e9,-6.287620347788358e7,1.554127673656022,4.261896709545325,-0.226931079309481,
P,803,Naiad,2.4573875e6, A.D. 2015-Dec-31 00:00:00.0000,4.181824672264457e9,-1.612506997192356e9,-6.318647748852527e7,2.285053676630062,16.59012230360567,2.988178634300322,
P,804,Thalassa,2.4573875e6, A.D. 2015-Dec-31 00:00:00.0000,4.181795919880188e9,-1.612553586822283e9,-6.31883596336894e7,12.23621815675684,10.0123708796384,-2.626103908750713,
P,805,Despina,2.4573875e6, A.D. 2015-Dec-31 00:00:00.0000,4.181751925301792e9,-1.612554690479593e9,-6.317053512301278e7,10.51920314579426,-0.1258952302233289,-5.532439603550047,
P,806,Galatea,2.4573875e6, A.D. 2015-Dec-31 00:00:00.0000,4.181764805179235e9,-1.612456983467325e9,-6.314100431179583e7,-7.498343012329734,1.13920157306396,2.303060190081855,
P,807,Larissa,2.4573875e6, A.D. 2015-Dec-31 00:00:00.0000,4.181747821133763e9,-1.612576059198462e9,-6.317632809960353e7,9.810612934868127,1.761436868840263,-4.56006895300369,
P,808,Proteus,2.4573875e6, A.D. 2015-Dec-31 00:00:00.0000,4.18168416089191e9,-1.612575992788314e9,-6.315041510830784e7,5.26002629714617,-0.7644685277679427,-3.688613745960471,
P,809,Halimede,2.4573875e6, A.D. 2015-Dec-31 00:00:00.0000,4.168464164915809e9,-1.617598469818292e9,-5.29708149789952e7,2.22057638087816,5.511573765228973,0.184001485753247,
P,810,Psamathe,2.4573875e6, A.D. 2015-Dec-31 00:00:00.0000,4.154724958690652e9,-1.58564631704296e9,-6.761326687803948e7,2.080959646060695,5.305921920085026,-0.5323471116289311,
P,811,Sao,2.4573875e6, A.D. 2015-Dec-31 00:00:00.0000,4.172668865709281e9,-1.605011664863952e9,-4.797109977387214e7,1.562030063720576,4.583346161039811,-0.07676599929927552,
P,812,Laomedeia,2.4573875e6, A.D. 2015-Dec-31 00:00:00.0000,4.199843596368859e9,-1.62556057747703e9,-8.05452890717144e7,2.266843014457761,5.360837008665213,-0.2316306034309461,
P,813,Neso,2.4573875e6, A.D. 2015-Dec-31 00:00:00.0000,4.13045231265103e9,-1.62123082979396e9,-8.904680226772821e7,1.764375567535474,5.296857543086992,-0.3439525006433104,
P,814,2004N1,2.4573875e6, A.D. 2015-Dec-31 00:00:00.0000,4.181841997168854e9,-1.612425471874029e9,-6.31614323845861e7,-3.960117592963868,9.068497218486645,3.679964088858733,
P,899,Neptune,2.4573875e6, A.D. 2015-Dec-31 00:00:00.0000,4.181780812208275e9,-1.612510982534575e9,-6.316682202158093e7,1.918588938287789,5.103464841972834,-0.148844751659194,
P,901,Charon,2.4573875e6, A.D. 2015-Dec-31 00:00:00.0000,1.27639410968011e9,-4.768731859719358e9,1.410691730159388e8,5.319558204781732,0.1537840568958345,-1.723066135394856,
P,902,Nix,2.4573875e6, A.D. 2015-Dec-31 00:00:00.0000,1.276393904541643e9,-4.768705213297192e9,1.411122220429928e8,5.45981772727161,0.3384777460013959,-1.67147556028472,
P,903,Hydra,2.4573875e6, A.D. 2015-Dec-31 00:00:00.0000,1.276425239675173e9,-4.76871851412122e9,1.410358154203579e8,5.32433515263164,0.198555228521576,-1.658356817157644,
P,904,Kerberos,2.4573875e6, A.D. 2015-Dec-31 00:00:00.0000,1.276407276604763e9,-4.768694097658301e9,1.411056492040572e8,5.437184994430424,0.3048400654116452,-1.685826361229052,
P,905,Styx,2.4573875e6, A.D. 2015-Dec-31 00:00:00.0000,1.276389965630589e9,-4.768710822098575e9,1.411100812680154e8,5.469905042606247,0.3509502146296697,-1.669413779085591,
P,999,Pluto,2.4573875e6, A.D. 2015-Dec-31 00:00:00.0000,1.276380295131476e9,-4.768739743862436e9,1.410806157908132e8,5.365868336317608,0.3033571349226094,-1.564072519869512,